{"source":"OpenStreetMap park relation 404784 \u00b7 Virunga NP boundary, simplified","bounds":{"w":29.02635,"e":30.003964,"s":-1.630006,"n":0.933476},"park":[[29.599681,-1.347895],[29.589877,-1.393186],[29.559257,-1.388132],[29.526367,-1.411051],[29.518368,-1.429369],[29.507706,-1.430272],[29.504186,-1.440238],[29.496547,-1.442481],[29.450326,-1.506156],[29.369815,-1.508643],[29.379166,-1.498852],[29.370775,-1.484347],[29.372712,-1.475632],[29.343643,-1.463904],[29.346053,-1.4822],[29.271198,-1.582605],[29.265501,-1.574377],[29.253654,-1.581724],[29.23002,-1.572748],[29.213329,-1.580378],[29.204162,-1.570766],[29.16902,-1.570204],[29.162325,-1.588044],[29.117688,-1.616358],[29.11677,-1.630006],[29.092266,-1.619658],[29.086752,-1.600617],[29.079325,-1.595236],[29.080035,-1.5582],[29.102274,-1.480527],[29.084291,-1.467097],[29.093236,-1.459194],[29.075756,-1.459832],[29.073775,-1.45296],[29.068807,-1.460435],[29.03965,-1.443136],[29.02635,-1.406189],[29.054588,-1.36722],[29.05947,-1.349333],[29.041456,-1.338777],[29.034414,-1.322728],[29.048217,-1.301734],[29.081536,-1.294871],[29.089128,-1.308932],[29.100896,-1.311704],[29.113276,-1.290315],[29.16279,-1.295597],[29.166413,-1.284468],[29.186631,-1.28906],[29.22048,-1.260342],[29.289812,-1.255609],[29.285059,-1.191528],[29.309943,-1.168821],[29.323963,-1.075323],[29.295551,-1.075044],[29.288348,-1.064113],[29.288592,-1.04752],[29.267807,-1.039442],[29.263673,-1.022001],[29.226284,-1.005465],[29.213013,-0.980968],[29.227267,-0.943852],[29.223916,-0.91601],[29.239169,-0.89814],[29.210165,-0.896521],[29.175462,-0.880707],[29.172605,-0.859676],[29.18368,-0.83876],[29.188761,-0.80844],[29.196143,-0.806041],[29.211479,-0.77896],[29.20892,-0.75104],[29.201441,-0.74272],[29.20668,-0.7],[29.246639,-0.6586],[29.274999,-0.6002],[29.267799,-0.59188],[29.27704,-0.57648],[29.28212,-0.54788],[29.268649,-0.526632],[29.286481,-0.515121],[29.30189,-0.448671],[29.339081,-0.40316],[29.34988,-0.3798],[29.379681,-0.351],[29.38368,-0.33104],[29.40552,-0.31664],[29.409001,-0.28232],[29.426559,-0.27272],[29.42944,-0.24712],[29.44648,-0.23804],[29.461559,-0.18516],[29.494103,-0.1603],[29.490227,-0.154597],[29.447488,-0.149498],[29.434766,-0.153903],[29.423735,-0.167913],[29.406176,-0.160686],[29.411064,-0.094461],[29.4226,-0.09864],[29.43424,-0.08708],[29.43564,-0.09412],[29.456881,-0.10192],[29.475241,-0.13504],[29.498199,-0.1426],[29.505079,-0.09952],[29.5224,-0.08488],[29.52072,-0.05308],[29.50968,-0.05564],[29.509159,-0.04048],[29.52956,-0.0224],[29.54096,-0.0024],[29.525999,0.0462],[29.514401,0.04616],[29.503919,0.06384],[29.500641,0.11784],[29.485399,0.16252],[29.48604,0.20468],[29.473881,0.2322],[29.472601,0.298],[29.466961,0.31036],[29.4758,0.35792],[29.50732,0.39484],[29.53124,0.4568],[29.523041,0.47644],[29.52816,0.48744],[29.530205,0.551376],[29.503855,0.581549],[29.511897,0.584634],[29.533612,0.577319],[29.564322,0.598598],[29.575661,0.598994],[29.574778,0.611573],[29.585734,0.61732],[29.59138,0.630534],[29.638429,0.645626],[29.655614,0.674716],[29.669474,0.677039],[29.714199,0.74356],[29.757752,0.785107],[29.755596,0.840622],[29.800809,0.86703],[29.837857,0.850581],[29.865662,0.852521],[29.895388,0.866214],[29.904706,0.87887],[29.897398,0.839807],[29.899078,0.835289],[29.918337,0.835274],[29.918036,0.869954],[29.928175,0.906977],[29.942156,0.930618],[29.961078,0.933476],[29.967475,0.89515],[29.985908,0.865098],[29.997482,0.863523],[30.003964,0.850596],[30.001461,0.844269],[29.989127,0.846147],[29.991633,0.838333],[29.97248,0.812273],[29.967406,0.780917],[29.957193,0.78648],[29.925711,0.773157],[29.90699,0.754278],[29.889432,0.748877],[29.886591,0.754798],[29.865311,0.745998],[29.859911,0.726877],[29.839232,0.723718],[29.832951,0.712158],[29.809991,0.698037],[29.807151,0.708157],[29.793831,0.701078],[29.79723,0.690677],[29.779912,0.674037],[29.754952,0.663277],[29.743283,0.646229],[29.763451,0.625251],[29.78242,0.62071],[29.781572,0.612444],[29.789268,0.605591],[29.782211,0.600077],[29.803267,0.589776],[29.789942,0.53244],[29.811035,0.515791],[29.821497,0.529039],[29.834185,0.530629],[29.851803,0.563668],[29.865125,0.565098],[29.873693,0.573396],[29.885584,0.567323],[29.89097,0.555507],[29.911032,0.560526],[29.93659,0.539258],[29.967557,0.575045],[29.972929,0.560589],[29.976733,0.563534],[29.98206,0.557354],[29.975692,0.543525],[29.980209,0.516361],[29.872954,0.385607],[29.830915,0.205458],[29.77938,0.203091],[29.7682,0.212303],[29.768317,0.231519],[29.793178,0.232199],[29.810492,0.25163],[29.775401,0.277643],[29.772531,0.293301],[29.742159,0.308484],[29.746524,0.321575],[29.754828,0.320705],[29.775139,0.300753],[29.772436,0.315746],[29.78125,0.326413],[29.776735,0.347868],[29.783357,0.405997],[29.775158,0.434378],[29.755754,0.442803],[29.717905,0.434691],[29.708088,0.459089],[29.67433,0.482094],[29.673777,0.488628],[29.66484,0.488221],[29.663884,0.495332],[29.651191,0.477271],[29.62562,0.476042],[29.597947,0.460714],[29.592688,0.42799],[29.568506,0.405799],[29.578451,0.383968],[29.592544,0.387249],[29.60271,0.375262],[29.597218,0.341985],[29.603603,0.325013],[29.64084,0.30399],[29.667403,0.307744],[29.660435,0.289278],[29.669866,0.282143],[29.678411,0.259891],[29.679526,0.219455],[29.674107,0.204569],[29.657479,0.193391],[29.65889,0.178357],[29.640524,0.15132],[29.640295,0.092695],[29.670148,0.054634],[29.683557,0.046438],[29.704911,0.047457],[29.719981,0.04015],[29.716257,0.033772],[29.728381,0.016845],[29.723345,0.011599],[29.725823,-0.003219],[29.733655,-0.022666],[29.745001,-0.027975],[29.729679,-0.041582],[29.73266,-0.079289],[29.684283,-0.456065],[29.68813,-0.46355],[29.681113,-0.469102],[29.684774,-0.480448],[29.6779,-0.490573],[29.683058,-0.496511],[29.672616,-0.505882],[29.674598,-0.538478],[29.657805,-0.539529],[29.653681,-0.553369],[29.658439,-0.572327],[29.667813,-0.575908],[29.650045,-0.598682],[29.663799,-0.625801],[29.651896,-0.641647],[29.652419,-0.658033],[29.636009,-0.676883],[29.635647,-0.695499],[29.626206,-0.706433],[29.626817,-0.727326],[29.603262,-0.737582],[29.601143,-0.752885],[29.587959,-0.764007],[29.586409,-0.797443],[29.566057,-0.834178],[29.560603,-0.858724],[29.491448,-0.849444],[29.481319,-0.854299],[29.479492,-0.843672],[29.457845,-0.855136],[29.461831,-0.872192],[29.450766,-0.903202],[29.439131,-0.916973],[29.43959,-0.935634],[29.43176,-0.947812],[29.424229,-1.026868],[29.41097,-1.029222],[29.407226,-1.018029],[29.389601,-1.023591],[29.374515,-1.019822],[29.360421,-1.002032],[29.350453,-1.004862],[29.337831,-1.029491],[29.356283,-1.049174],[29.341718,-1.082572],[29.344633,-1.094898],[29.353137,-1.109267],[29.383717,-1.12231],[29.380031,-1.137381],[29.386293,-1.153063],[29.416045,-1.178924],[29.40653,-1.204382],[29.393507,-1.205859],[29.381989,-1.225548],[29.344094,-1.315338],[29.351295,-1.334877],[29.310691,-1.431593],[29.345088,-1.429761],[29.336809,-1.442297],[29.339049,-1.449563],[29.360623,-1.438889],[29.368258,-1.442103],[29.377906,-1.430815],[29.430981,-1.401092],[29.434977,-1.37823],[29.464432,-1.351025],[29.49652,-1.343903],[29.513144,-1.346732],[29.523083,-1.334531],[29.549528,-1.34025],[29.553258,-1.335574],[29.599681,-1.347895]],"edward":[[29.6,-0.06],[29.72,-0.1],[29.83,-0.18],[29.89,-0.29],[29.85,-0.4],[29.74,-0.49],[29.6,-0.55],[29.47,-0.52],[29.37,-0.43],[29.33,-0.31],[29.37,-0.2],[29.47,-0.11],[29.6,-0.06]],